Date,Time,Comp,Round,Day,Venue,Result,GF,GA,Opponent,xG,xGA,Poss,Attendance,Captain,Formation,Opp Formation,Referee,Match Report,Notes,Date,Time,Comp,Round,Day,Venue,Result,GF,GA,Opponent,Gls,Sh,SoT,SoT%,G/Sh,G/SoT,Dist,FK,PK,PKatt,xG,npxG,npxG/Sh,G-xG,np:G-xG,Match Report
12/08/2023,17:30,Premier League,Matchweek 1,Sat,Away,L,1,5,Newcastle Utd,1.8,3.3,48,"52,207",John McGinn,4-2-3-1,4-3-3,Andy Madley,Match Report,,12/08/2023,17:30,Premier League,Matchweek 1,Sat,Away,L,1,5,Newcastle Utd,1,16,6,37.5,0.06,0.17,14.5,1,0,0,1.8,1.8,0.12,-0.8,-0.8,Match Report
20/08/2023,14:00,Premier League,Matchweek 2,Sun,Home,W,4,0,Everton,2.9,0.6,60,"41,694",John McGinn,4-2-3-1,4-1-4-1,Anthony Taylor,Match Report,,20/08/2023,14:00,Premier League,Matchweek 2,Sun,Home,W,4,0,Everton,4,12,6,50,0.25,0.5,18.5,0,1,1,2.9,2.2,0.18,1.1,0.8,Match Report
23/08/2023,17:45,Conf Lg,Play-off round,Wed,Away,W,5,0,sct Hibernian,,,,"19,306",John McGinn,4-1-4-1,3-4-1-2,Ricardo de Burgos,Match Report,Leg 1 of 2,23/08/2023,17:45,Conf Lg,Play-off round,Wed,Away,W,5,0,sct Hibernian,5,,,,,,,,1,1,,,,,,Match Report
27/08/2023,14:00,Premier League,Matchweek 3,Sun,Away,W,3,1,Burnley,2.5,0.7,43,"21,591",John McGinn,3-4-3,4-4-2,Michael Salisbury,Match Report,,27/08/2023,14:00,Premier League,Matchweek 3,Sun,Away,W,3,1,Burnley,3,16,6,37.5,0.19,0.5,13.4,0,0,0,2.5,2.5,0.17,0.5,0.5,Match Report
31/08/2023,20:00,Conf Lg,Play-off round,Thu,Home,W,3,0,sct Hibernian,,,,"39,467",Douglas Luiz,4-4-2,4-4-2,Luca Pairetto,Match Report,Leg 2 of 2; Aston Villa won,31/08/2023,20:00,Conf Lg,Play-off round,Thu,Home,W,3,0,sct Hibernian,3,,,,,,,,0,0,,,,,,Match Report
03/09/2023,14:00,Premier League,Matchweek 4,Sun,Away,L,0,3,Liverpool,0.7,2.5,37,"50,109",John McGinn,4-4-2,4-3-3,Simon Hooper,Match Report,,03/09/2023,14:00,Premier League,Matchweek 4,Sun,Away,L,0,3,Liverpool,0,9,3,33.3,0,0,12.5,0,0,0,0.7,0.7,0.07,-0.7,-0.7,Match Report
16/09/2023,15:00,Premier League,Matchweek 5,Sat,Home,W,3,1,Crystal Palace,3,1.2,66,"40,809",John McGinn,4-2-3-1,4-4-1-1,Darren England,Match Report,,16/09/2023,15:00,Premier League,Matchweek 5,Sat,Home,W,3,1,Crystal Palace,3,15,4,26.7,0.13,0.5,16.2,0,1,1,3,2.3,0.16,0,-0.3,Match Report
21/09/2023,18:45 (17:45),Conf Lg,Group stage,Thu,Away,L,2,3,pl Legia Warsaw,1.5,1.7,60,"27,801",John McGinn,4-2-3-1,3-4-3,Evangelos Manouhos,Match Report,,21/09/2023,18:45 (17:45),Conf Lg,Group stage,Thu,Away,L,2,3,pl Legia Warsaw,2,19,6,31.6,0.11,0.33,19.5,0,0,0,1.5,1.5,0.08,0.5,0.5,Match Report
24/09/2023,14:00,Premier League,Matchweek 6,Sun,Away,W,1,0,Chelsea,1,1.3,47,"39,700",John McGinn,4-2-3-1,4-2-3-1,Jarred Gillett,Match Report,,24/09/2023,14:00,Premier League,Matchweek 6,Sun,Away,W,1,0,Chelsea,1,15,7,46.7,0.07,0.14,18.2,1,0,0,1,1,0.07,0,0,Match Report
27/09/2023,19:45,EFL Cup,Third round,Wed,Home,L,1,2,Everton,,,68,"23,851",John McGinn,4-2-3-1,3-4-3,Tony Harrington,Match Report,,27/09/2023,19:45,EFL Cup,Third round,Wed,Home,L,1,2,Everton,1,11,3,27.3,0.09,0.33,,,0,0,,,,,,Match Report
30/09/2023,12:30,Premier League,Matchweek 7,Sat,Home,W,6,1,Brighton,1.6,1.7,39,"40,636",John McGinn,4-2-3-1,4-2-3-1,Andy Madley,Match Report,,30/09/2023,12:30,Premier League,Matchweek 7,Sat,Home,W,6,1,Brighton,5,19,9,47.4,0.26,0.56,17.9,1,0,0,1.6,1.6,0.09,3.4,3.4,Match Report
05/10/2023,20:00,Conf Lg,Group stage,Thu,Home,W,1,0,ba Zrinjski Mostar,1.7,0.5,74,"37,327",John McGinn,4-4-2,5-4-1,Urs Schnyder,Match Report,,05/10/2023,20:00,Conf Lg,Group stage,Thu,Home,W,1,0,ba Zrinjski Mostar,1,27,9,33.3,0.04,0.11,16.3,0,0,0,1.7,1.7,0.06,-0.7,-0.7,Match Report
08/10/2023,14:00,Premier League,Matchweek 8,Sun,Away,D,1,1,Wolves,1.6,1.7,53,"31,425",John McGinn,4-4-2,3-4-3,Robert Jones,Match Report,,08/10/2023,14:00,Premier League,Matchweek 8,Sun,Away,D,1,1,Wolves,1,18,4,22.2,0.06,0.25,16.6,0,0,0,1.6,1.6,0.09,-0.6,-0.6,Match Report
22/10/2023,16:30,Premier League,Matchweek 9,Sun,Home,W,4,1,West Ham,1.9,1.1,58,"41,734",John McGinn,4-4-2,4-2-3-1,David Coote,Match Report,,22/10/2023,16:30,Premier League,Matchweek 9,Sun,Home,W,4,1,West Ham,4,14,6,42.9,0.21,0.5,19.6,0,1,1,1.9,1.1,0.08,2.1,1.9,Match Report
26/10/2023,18:45 (17:45),Conf Lg,Group stage,Thu,Away,W,4,1,nl AZ Alkmaar,1.2,0.5,52,"16,633",John McGinn,4-4-2,4-3-3,Sven Jablonski,Match Report,,26/10/2023,18:45 (17:45),Conf Lg,Group stage,Thu,Away,W,4,1,nl AZ Alkmaar,4,5,5,100,0.8,0.8,10.7,0,0,0,1.2,1.2,0.32,2.8,2.8,Match Report
29/10/2023,14:00,Premier League,Matchweek 10,Sun,Home,W,3,1,Luton Town,2.3,0.5,70,"41,785",John McGinn,4-4-2,3-4-3,John Brooks,Match Report,,29/10/2023,14:00,Premier League,Matchweek 10,Sun,Home,W,3,1,Luton Town,2,17,6,35.3,0.12,0.33,14.5,0,0,0,2.3,2.3,0.14,-0.3,-0.3,Match Report
05/11/2023,14:00,Premier League,Matchweek 11,Sun,Away,L,0,2,Nott'ham Forest,1.2,0.4,73,"29,313",John McGinn,4-4-2,4-3-3,Jarred Gillett,Match Report,,05/11/2023,14:00,Premier League,Matchweek 11,Sun,Away,L,0,2,Nott'ham Forest,0,13,3,23.1,0,0,14,0,0,0,1.2,1.2,0.09,-1.2,-1.2,Match Report
09/11/2023,20:00,Conf Lg,Group stage,Thu,Home,W,2,1,nl AZ Alkmaar,1.4,0.7,62,"35,156",John McGinn,4-2-3-1,4-3-3,Luís Godinho,Match Report,,09/11/2023,20:00,Conf Lg,Group stage,Thu,Home,W,2,1,nl AZ Alkmaar,2,12,5,41.7,0.17,0.4,15.9,0,0,0,1.4,1.4,0.12,0.6,0.6,Match Report
12/11/2023,14:00,Premier League,Matchweek 12,Sun,Home,W,3,1,Fulham,3,0.9,51,"41,608",John McGinn,4-2-2-2,4-2-3-1,Simon Hooper,Match Report,,12/11/2023,14:00,Premier League,Matchweek 12,Sun,Home,W,3,1,Fulham,2,12,6,50,0.17,0.33,13.5,0,0,0,3,3,0.26,-1,-1,Match Report
26/11/2023,14:00,Premier League,Matchweek 13,Sun,Away,W,2,1,Tottenham,1.7,2.3,38,"61,679",John McGinn,4-4-2,4-2-3-1,Robert Jones,Match Report,,26/11/2023,14:00,Premier League,Matchweek 13,Sun,Away,W,2,1,Tottenham,2,15,5,33.3,0.13,0.4,16.6,1,0,0,1.7,1.7,0.12,0.3,0.3,Match Report
30/11/2023,20:00,Conf Lg,Group stage,Thu,Home,W,2,1,pl Legia Warsaw,1.5,0.3,67,"37,866",John McGinn,4-4-2,3-4-3,Marco Di Bello,Match Report,,30/11/2023,20:00,Conf Lg,Group stage,Thu,Home,W,2,1,pl Legia Warsaw,2,12,5,41.7,0.17,0.4,19,0,0,0,1.5,1.5,0.12,0.5,0.5,Match Report
03/12/2023,14:00,Premier League,Matchweek 14,Sun,Away,D,2,2,Bournemouth,0.7,2,62,"11,191",John McGinn,4-4-2,4-2-3-1,Thomas Bramall,Match Report,,03/12/2023,14:00,Premier League,Matchweek 14,Sun,Away,D,2,2,Bournemouth,2,11,3,27.3,0.18,0.67,19.2,1,0,0,0.7,0.7,0.06,1.3,1.3,Match Report
06/12/2023,20:15,Premier League,Matchweek 15,Wed,Home,W,1,0,Manchester City,2.3,0.6,46,"41,421",John McGinn,4-4-1-1,3-2-4-1,John Brooks,Match Report,,06/12/2023,20:15,Premier League,Matchweek 15,Wed,Home,W,1,0,Manchester City,1,22,7,31.8,0.05,0.14,18.9,0,0,0,2.3,2.3,0.11,-1.3,-1.3,Match Report
09/12/2023,17:30,Premier League,Matchweek 16,Sat,Home,W,1,0,Arsenal,0.6,1.4,39,"42,000",John McGinn,4-4-1-1,4-3-3,Jarred Gillett,Match Report,,09/12/2023,17:30,Premier League,Matchweek 16,Sat,Home,W,1,0,Arsenal,1,10,3,30,0.1,0.33,20.8,1,0,0,0.6,0.6,0.06,0.4,0.4,Match Report
14/12/2023,18:45 (17:45),Conf Lg,Group stage,Thu,Away,D,1,1,ba Zrinjski Mostar,1.1,1.2,75,"6,610",Douglas Luiz,4-1-3-2,4-2-3-1,Balázs Berke,Match Report,,14/12/2023,18:45 (17:45),Conf Lg,Group stage,Thu,Away,D,1,1,ba Zrinjski Mostar,1,10,6,60,0.1,0.17,19.4,0,0,0,1.1,1.1,0.11,-0.1,-0.1,Match Report
17/12/2023,14:00,Premier League,Matchweek 17,Sun,Away,W,2,1,Brentford,1.4,0.5,66,"17,034",John McGinn,3-5-2,3-5-2,David Coote,Match Report,,17/12/2023,14:00,Premier League,Matchweek 17,Sun,Away,W,2,1,Brentford,2,15,5,33.3,0.13,0.4,16.7,0,0,0,1.4,1.4,0.09,0.6,0.6,Match Report
22/12/2023,20:00,Premier League,Matchweek 18,Fri,Home,D,1,1,Sheffield Utd,0.9,0.6,77,"41,651",John McGinn,4-4-1-1,3-4-3,Anthony Taylor,Match Report,,22/12/2023,20:00,Premier League,Matchweek 18,Fri,Home,D,1,1,Sheffield Utd,1,12,4,33.3,0.08,0.25,17.5,0,0,0,0.9,0.9,0.07,0.1,0.1,Match Report
26/12/2023,20:00,Premier League,Matchweek 19,Tue,Away,L,2,3,Manchester Utd,1.7,1.1,54,"73,574",John McGinn,4-2-3-1,4-2-3-1,Craig Pawson,Match Report,,26/12/2023,20:00,Premier League,Matchweek 19,Tue,Away,L,2,3,Manchester Utd,2,10,3,30,0.2,0.67,14.6,1,0,0,1.7,1.7,0.17,0.3,0.3,Match Report
30/12/2023,15:00,Premier League,Matchweek 20,Sat,Home,W,3,2,Burnley,3.2,1.2,64,"41,613",John McGinn,4-4-1-1,4-4-2,Stuart Attwell,Match Report,,30/12/2023,15:00,Premier League,Matchweek 20,Sat,Home,W,3,2,Burnley,3,18,6,33.3,0.11,0.33,16.9,1,1,1,3.2,2.4,0.14,-0.2,-0.4,Match Report
06/01/2024,17:30,FA Cup,Third round proper,Sat,Away,W,1,0,Middlesbrough,,,62,"25,022",John McGinn,4-2-3-1,4-2-3-1,Robert Jones,Match Report,,06/01/2024,17:30,FA Cup,Third round proper,Sat,Away,W,1,0,Middlesbrough,1,12,6,50,0.08,0.17,,,0,0,,,,,,Match Report
14/01/2024,14:00,Premier League,Matchweek 21,Sun,Away,D,0,0,Everton,1.2,1.1,68,"39,284",John McGinn,4-4-2,4-2-3-1,David Coote,Match Report,,14/01/2024,14:00,Premier League,Matchweek 21,Sun,Away,D,0,0,Everton,0,16,4,25,0,0,14.2,0,0,0,1.2,1.2,0.08,-1.2,-1.2,Match Report
26/01/2024,19:45,FA Cup,Fourth round proper,Fri,Away,D,0,0,Chelsea,,,43,"39,325",John McGinn,4-4-2,4-2-3-1,Robert Jones,Match Report,,26/01/2024,19:45,FA Cup,Fourth round proper,Fri,Away,D,0,0,Chelsea,0,13,5,38.5,0,0,,,0,0,,,,,,Match Report
30/01/2024,20:15,Premier League,Matchweek 22,Tue,Home,L,1,3,Newcastle Utd,1.4,2.6,61,"42,191",John McGinn,4-4-2,4-3-3,John Brooks,Match Report,,30/01/2024,20:15,Premier League,Matchweek 22,Tue,Home,L,1,3,Newcastle Utd,1,12,5,41.7,0.08,0.2,14.3,0,0,0,1.4,1.4,0.12,-0.4,-0.4,Match Report
03/02/2024,17:30,Premier League,Matchweek 23,Sat,Away,W,5,0,Sheffield Utd,2.2,1.4,63,"30,187",John McGinn,4-2-3-1,5-4-1,Paul Tierney,Match Report,,03/02/2024,17:30,Premier League,Matchweek 23,Sat,Away,W,5,0,Sheffield Utd,5,14,9,64.3,0.36,0.56,15.8,1,0,0,2.2,2.2,0.18,2.8,2.8,Match Report
07/02/2024,20:00,FA Cup,Fourth round proper,Wed,Home,L,1,3,Chelsea,,,49,"40,013",John McGinn,4-2-3-1,4-2-3-1,Thomas Bramall,Match Report,,07/02/2024,20:00,FA Cup,Fourth round proper,Wed,Home,L,1,3,Chelsea,1,15,5,33.3,0.07,0.2,,,0,0,,,,,,Match Report
11/02/2024,16:30,Premier League,Matchweek 24,Sun,Home,L,1,2,Manchester Utd,2.4,1.8,56,"42,185",John McGinn,4-2-3-1,4-2-3-1,Robert Jones,Match Report,,11/02/2024,16:30,Premier League,Matchweek 24,Sun,Home,L,1,2,Manchester Utd,1,23,9,39.1,0.04,0.11,16.7,1,0,0,2.4,2.4,0.11,-1.4,-1.4,Match Report
17/02/2024,15:00,Premier League,Matchweek 25,Sat,Away,W,2,1,Fulham,1.5,1.5,48,"24,401",John McGinn,4-2-3-1,4-2-3-1,Lewis Smith,Match Report,,17/02/2024,15:00,Premier League,Matchweek 25,Sat,Away,W,2,1,Fulham,2,12,3,25,0.17,0.67,16.8,1,0,0,1.5,1.5,0.13,0.5,0.5,Match Report
24/02/2024,15:00,Premier League,Matchweek 26,Sat,Home,W,4,2,Nott'ham Forest,3.6,2.6,58,"42,131",John McGinn,4-2-3-1,4-2-3-1,Samuel Barrott,Match Report,,24/02/2024,15:00,Premier League,Matchweek 26,Sat,Home,W,4,2,Nott'ham Forest,4,16,6,37.5,0.25,0.67,14.3,2,0,0,3.6,3.6,0.23,0.4,0.4,Match Report
02/03/2024,17:30,Premier League,Matchweek 27,Sat,Away,W,3,2,Luton Town,1.9,1.8,54,"11,594",John McGinn,4-2-3-1,3-4-3,Michael Oliver,Match Report,,02/03/2024,17:30,Premier League,Matchweek 27,Sat,Away,W,3,2,Luton Town,3,12,8,66.7,0.25,0.38,12.5,0,0,0,1.9,1.9,0.16,1.1,1.1,Match Report
07/03/2024,18:45 (17:45),Conf Lg,Round of 16,Thu,Away,D,0,0,nl Ajax,0.3,0.8,40,"52,197",Emiliano Martínez,4-4-2,3-4-3,Enea Jorgji,Match Report,Leg 1 of 2,07/03/2024,18:45 (17:45),Conf Lg,Round of 16,Thu,Away,D,0,0,nl Ajax,0,4,1,25,0,0,16.5,0,0,0,0.3,0.3,0.07,-0.3,-0.3,Match Report
10/03/2024,13:00,Premier League,Matchweek 28,Sun,Home,L,0,4,Tottenham,0.8,1.5,32,"42,310",John McGinn,5-3-2,4-2-3-1,Chris Kavanagh,Match Report,,10/03/2024,13:00,Premier League,Matchweek 28,Sun,Home,L,0,4,Tottenham,0,10,1,10,0,0,14.1,0,0,0,0.8,0.8,0.08,-0.8,-0.8,Match Report
14/03/2024,20:00,Conf Lg,Round of 16,Thu,Home,W,4,0,nl Ajax,1.1,0.3,46,"37,916",John McGinn,4-4-2,3-4-3,Orel Grinfeeld,Match Report,Leg 2 of 2; Aston Villa won,14/03/2024,20:00,Conf Lg,Round of 16,Thu,Home,W,4,0,nl Ajax,4,13,8,61.5,0.31,0.5,15.4,0,0,0,1.1,1.1,0.09,2.9,2.9,Match Report
17/03/2024,14:00,Premier League,Matchweek 29,Sun,Away,D,1,1,West Ham,0.7,2,69,"62,461",Emiliano Martínez,4-4-2,4-2-3-1,Jarred Gillett,Match Report,,17/03/2024,14:00,Premier League,Matchweek 29,Sun,Away,D,1,1,West Ham,1,13,5,38.5,0.08,0.2,20.6,0,0,0,0.7,0.7,0.05,0.3,0.3,Match Report
30/03/2024,17:30,Premier League,Matchweek 30,Sat,Home,W,2,0,Wolves,1,1.5,48,"42,640",Emiliano Martínez,4-4-2,3-4-3,Paul Tierney,Match Report,,30/03/2024,17:30,Premier League,Matchweek 30,Sat,Home,W,2,0,Wolves,2,11,5,45.5,0.18,0.4,14.7,0,0,0,1,1,0.09,1,1,Match Report
03/04/2024,20:15,Premier League,Matchweek 31,Wed,Away,L,1,4,Manchester City,0.8,3.4,33,"53,422",Douglas Luiz,4-2-3-1,4-2-3-1,Darren England,Match Report,,03/04/2024,20:15,Premier League,Matchweek 31,Wed,Away,L,1,4,Manchester City,1,8,3,37.5,0.13,0.33,12.4,0,0,0,0.8,0.8,0.1,0.2,0.2,Match Report
06/04/2024,15:00,Premier League,Matchweek 32,Sat,Home,D,3,3,Brentford,1.5,1.5,69,"42,118",John McGinn,4-4-1-1,3-5-2,Michael Salisbury,Match Report,,06/04/2024,15:00,Premier League,Matchweek 32,Sat,Home,D,3,3,Brentford,3,11,3,27.3,0.27,1,12.1,1,0,0,1.5,1.5,0.14,1.5,1.5,Match Report
11/04/2024,20:00,Conf Lg,Quarter-finals,Thu,Home,W,2,1,fr Lille,1.1,1.5,42,"37,220",John McGinn,4-4-1-1,4-2-3-1,Espen Eskås,Match Report,Leg 1 of 2,11/04/2024,20:00,Conf Lg,Quarter-finals,Thu,Home,W,2,1,fr Lille,2,12,4,33.3,0.17,0.5,14.4,0,0,0,1.1,1.1,0.09,0.9,0.9,Match Report
14/04/2024,16:30,Premier League,Matchweek 33,Sun,Away,W,2,0,Arsenal,0.9,1.6,48,"60,350",John McGinn,4-2-3-1,4-3-3,David Coote,Match Report,,14/04/2024,16:30,Premier League,Matchweek 33,Sun,Away,W,2,0,Arsenal,2,11,2,18.2,0.18,1,18.8,1,0,0,0.9,0.9,0.09,1.1,1.1,Match Report
18/04/2024,18:45 (17:45),Conf Lg,Quarter-finals,Thu,Away,L,1 (4),2 (3),fr Lille,1.2,1.4,48,"47,093",John McGinn,4-4-2,4-2-3-1,Ivan Kružliak,Match Report,Leg 2 of 2; Aston Villa won; Aston Villa won on penalty kicks following extra time,18/04/2024,18:45 (17:45),Conf Lg,Quarter-finals,Thu,Away,L,1 (4),2 (3),fr Lille,1,9,6,66.7,0.11,0.17,16.7,0,0,0,1.2,1.2,0.13,-0.2,-0.2,Match Report
21/04/2024,15:00,Premier League,Matchweek 34,Sun,Home,W,3,1,Bournemouth,2.4,1.8,56,"42,189",John McGinn,4-2-3-1,4-2-3-1,Tim Robinson,Match Report,,21/04/2024,15:00,Premier League,Matchweek 34,Sun,Home,W,3,1,Bournemouth,3,15,5,33.3,0.2,0.6,14.8,0,0,0,2.4,2.4,0.17,0.6,0.6,Match Report
27/04/2024,20:00,Premier League,Matchweek 35,Sat,Home,D,2,2,Chelsea,1.1,1.6,29,"42,354",John McGinn,4-4-1-1,4-2-3-1,Craig Pawson,Match Report,,27/04/2024,20:00,Premier League,Matchweek 35,Sat,Home,D,2,2,Chelsea,1,9,4,44.4,0.11,0.25,15,0,0,0,1.1,1.1,0.12,-0.1,-0.1,Match Report
02/05/2024,20:00,Conf Lg,Semi-finals,Thu,Home,L,2,4,gr Olympiacos,1.4,1.6,65,"41,220",John McGinn,4-2-3-1,4-2-3-1,Marco Guida,Match Report,Leg 1 of 2,02/05/2024,20:00,Conf Lg,Semi-finals,Thu,Home,L,2,4,gr Olympiacos,2,16,7,43.8,0.13,0.29,19.6,0,0,1,1.4,0.6,0.04,0.6,1.4,Match Report
05/05/2024,14:00,Premier League,Matchweek 36,Sun,Away,L,0,1,Brighton,0.1,2.5,48,"31,596",John McGinn,4-2-3-1,4-2-3-1,Robert Jones,Match Report,,05/05/2024,14:00,Premier League,Matchweek 36,Sun,Away,L,0,1,Brighton,0,2,1,50,0,0,23.2,0,0,0,0.1,0.1,0.03,-0.1,-0.1,Match Report
09/05/2024,22:00 (20:00),Conf Lg,Semi-finals,Thu,Away,L,0,2,gr Olympiacos,1.1,1.2,72,"33,000",John McGinn,5-4-1,4-2-3-1,Felix Zwayer,Match Report,Leg 2 of 2; Olympiacos won,09/05/2024,22:00 (20:00),Conf Lg,Semi-finals,Thu,Away,L,0,2,gr Olympiacos,0,15,4,26.7,0,0,17.1,1,0,0,1.1,1.1,0.07,-1.1,-1.1,Match Report
13/05/2024,20:00,Premier League,Matchweek 37,Mon,Home,D,3,3,Liverpool,3.1,1.7,41,"42,241",John McGinn,4-2-3-1,4-3-3,Simon Hooper,Match Report,,13/05/2024,20:00,Premier League,Matchweek 37,Mon,Home,D,3,3,Liverpool,3,19,5,26.3,0.16,0.6,15.2,0,0,0,3.1,3.1,0.17,-0.1,-0.1,Match Report
19/05/2024,16:00,Premier League,Matchweek 38,Sun,Away,L,0,5,Crystal Palace,0.9,2.5,46,"25,191",John McGinn,4-4-2,3-4-3,Darren Bond,Match Report,,19/05/2024,16:00,Premier League,Matchweek 38,Sun,Away,L,0,5,Crystal Palace,0,8,2,25,0,0,13.8,0,0,0,0.9,0.9,0.13,-0.9,-0.9,Match Report
,,,,,,,,,,,,,,,,,,,,,,,,,,--,,,,104,716,267,37.3,0.13,0.34,16.3,16,5,6,,,0.12,104,99,
